group	legacy	type	default	proposed_name	status	mesa_note	doc
control	cmixla	real(50)	0.0*	mixing_length_alpha	canonical	mesa: mixing_length_alpha	
control	calsolage	real	0.0*	target_solar_age	canonical		
control	calsolzx	real	0.0*	target_solar_zx	canonical		
control	descrip	string(2)	''*	run_description	proposed		Per-run description strings echoed in output headers
control	endage	real(50)	0.0*	max_age	canonical	mesa: max_age	former common/sett/: target_end_age/timestep_override/ central_deuterium_stop/central_hydrogen_stop/central_helium_stop are NAMELIST /physics/ values (core/parmin.f90's e
control	flaol	string	''*	laol_opacity_table_file	proposed		LAOL 1989 opacity table
control	fpurez	string	''*	pure_z_opacity_table_file	proposed		Pure-Z opacity table (metal diffusion support)
control	flaol2	string	''*	laol_opacity_table2_file	proposed		LAOL 1989 opacity table, second Z
control	fopal2	string	''*	opal92_opacity_table2_file	proposed		OPAL 1992 opacity table, second Z
control	flast	string	''*	last_model_file	proposed		Path for the final model written at end of job
control	ffirst	string	''*	first_model_file	proposed		Starting model read when read_first_model is set for a run
control	ffermi	string	''*	fermi_table_file	proposed		Fermi-Dirac integral table (Yale/Prather degenerate-electron EOS)
control	fdebug	string	''*	debug_output_file	proposed		Debug output stream
control	ftrack	string	''*	track_output_file	proposed		Evolution track (.track) output path
control	fshort	string	''*	short_output_file	proposed		Model summary (.short) output path
control	fstch	string	''*	stored_change_file	unused		DEAD: referenced nowhere (functional-ref scan incl. parmin internals and echoes); legacy path only
control	fmilne	string	''*	milne_output_file	verified		Milne-format output file (opened when the Milne stream is active)
control	fmodpt	string	''*	model_print_file	proposed		Per-model print stream (rotational-mixing composition changes etc.)
control	fstor	string	''*	store_output_file	proposed		Full stored-model (.store) output path
control	fpmod	string	''*	pulse_model_file	proposed		Pulsation (oscillation-code) model output
control	fpatm	string	''*	pulse_atm_file	proposed		Pulsation output: atmosphere part
control	fpenv	string	''*	pulse_env_file	proposed		Pulsation output: envelope part
control	fdyn	string	''*	dynamics_file	verified		Opened on the dynamics unit (formatted, STATUS=OLD)
control	flldat	string	''*	ll_data_file	proposed		Livermore opacity auxiliary data file
control	fsnu	string	''*	neutrino_output_file	proposed		Solar neutrino flux (.snu) output path
control	fscomp	string	''*	surface_composition_file	verified		Surface-composition output file
control	fkur	string	''*	kurucz_atm_table_file	proposed		Kurucz model-atmosphere boundary-condition table
control	fmhd1	string	''*	mhd_table_file_1	proposed		MHD EOS table 1 of 8
control	fmhd2	string	''*	mhd_table_file_2	proposed		MHD EOS table 2 of 8
control	fmhd3	string	''*	mhd_table_file_3	proposed		MHD EOS table 3 of 8
control	fmhd4	string	''*	mhd_table_file_4	proposed		MHD EOS table 4 of 8
control	fmhd5	string	''*	mhd_table_file_5	proposed		MHD EOS table 5 of 8
control	fmhd6	string	''*	mhd_table_file_6	proposed		MHD EOS table 6 of 8
control	fmhd7	string	''*	mhd_table_file_7	proposed		MHD EOS table 7 of 8
control	fmhd8	string	''*	mhd_table_file_8	proposed		MHD EOS table 8 of 8
control	fiso	string	''*	isochrone_file	verified		Isochrone output file
control	fatm	string	''*	atm_table_file	proposed		Atmosphere P(T) boundary-condition table
control	fkur2	string	''*	kurucz_castelli_atm_table_file	proposed		Castelli-Kurucz model-atmosphere table
control	fallard	string	''*	allard_atm_table_file	proposed		Allard NextGen model-atmosphere table
control	fscvh	string	''*	scv_h_table_file	proposed		Saumon-Chabrier-Van Horn EOS: hydrogen table
control	fscvhe	string	''*	scv_he_table_file	proposed		SCV EOS: helium table
control	fscvz	string	''*	scv_z_table_file	proposed		SCV EOS: metals table
control	fopale	string	''*	opal_eos_table_file	proposed		OPAL 1995/2001 EOS table
control	fliv95	string	''*	opal95_opacity_table_file	proposed		OPAL/Livermore 1995 opacity tables
control	fmonte1	string	''*	monte_carlo_file1_path	canonical		former common/iomonte/: monte_carlo_file1_path/monte_carlo_file2_path (originally fmonte1/fmonte2) are NAMELIST values with different canonical spellings, kept local in c
control	fmonte2	string	''*	monte_carlo_file2_path	canonical		former common/iomonte/: monte_carlo_file1_path/monte_carlo_file2_path (originally fmonte1/fmonte2) are NAMELIST values with different canonical spellings, kept local in c
control	ipver	integer	1	pulsation_file_version	canonical		
control	itrver	integer	1	track_file_version	canonical		former common/track/: track_file_version (originally itrver) is a NAMELIST value with a different canonical spelling, kept local in core/parmin.f90 and copy-assigned.
control	kindrn	integer(50)	0*	run_kind	verified		Per-run kind card: 1 = evolve, 2 = rescale (zero timestep, MS/CHeB), 3 = rescale and evolve (pre-MS)
control	ldebug	logical	.false.*	write_debug_output	proposed		Enable the debug output stream
control	lcorr	logical	.false.*	write_correction_output	verified		crrect: print solver correction diagnostics
control	lmilne	logical	.false.*	write_milne_output	verified		Gate the Milne-format blocks in putstore/wrtout
control	ltrack	logical	.false.*	write_track_output	proposed	~ MESA history	Write the .track evolution file
control	lstore	logical	.false.*	write_store_output	proposed	~ MESA profiles	Write full stored models (.store)
control	lfirst	logical(50)	.false.*	first_call_flag	canonical		
control	lstpch	logical	.false.*	store_final_model_flag	proposed		Store the last model of each run (with write_store_output)
control	lscrib	logical	.false.*	scribe_flag	verified		Echoed in the .short header (LINE 3 flags); no other functional use
control	lstch	logical	.false.*	suppress_store_profiles	verified		Suppress per-model structure blocks in the .store stream (also disables atm profile)
control	lstatm	logical	.false.*	store_atm_profile	proposed		Include the atmosphere layers in stored models
control	lstenv	logical	.false.*	store_env_profile	proposed		Include the envelope in stored models
control	lstmod	logical	.false.*	store_interior_profile	proposed		Include the interior in stored models
control	lstphys	logical	.false.*	store_physics_columns	proposed		Include physics (EOS/opacity) columns in stored models
control	lstrot	logical	.false.*	store_rotation_columns	proposed		Include rotation columns in stored models
control	lpulse	logical	.false.	pulsation_output_active	canonical		former common/pulse/: pulsation_output_active/pulsation_file_version (originally lpulse/ipver) are NAMELIST values with different canonical spellings, kept local in core/
control	lzramp	logical	.false.	use_z_ramp	canonical		
control	lteff	logical	.false.*	specify_teff_flag	canonical		
control	lcalst	logical	.false.*	calibrate_star_flag	canonical		
control	lpurez	logical	.false.	use_pure_z_table	canonical		
control	liso	logical	.false.*	isochrone_output_active	canonical		former common/chrone/: lrwsh_placeholder/isochrone_output_active (originally lrwsh/liso) are NAMELIST values with different canonical spellings, kept local in core/parmin
control	lrwsh	logical	.false.*	lrwsh_placeholder	canonical		former common/chrone/: lrwsh_placeholder/isochrone_output_active (originally lrwsh/liso) are NAMELIST values with different canonical spellings, kept local in core/parmin
control	lsenv0a	logical(50)	.false.*	has_senv0_array	canonical		
control	lpout	logical	.false.*	po_output_enabled	canonical		
control	lcals	logical	.false.*	calibrate_solar_model	canonical		
control	lcalsolzx	logical	.false.*	calibrate_solar_zx	canonical		
control	llaol89	logical	.false.*	use_laol89_tables	canonical		
control	lopal92	logical	.false.*	use_opal92_tables	canonical		
control	lopal95	logical	.false.*	use_opal95_tables	canonical		
control	lkur90	logical	.false.*	use_kurucz90_tables	canonical		
control	lalex95	logical	.false.*	use_alex95_tables	canonical		
control	npoint	integer	0*	debug_print_interval	verified		hpoint debug print every N models (9999 = off)
control	npenv	integer	0*	envelope_print_points	verified		Envelope profile print count (values <= 0 become 9999 = off)
control	nprtmod	integer	0*	profile_model_interval	proposed		Write a stored model every N models
control	nprtpt	integer	1	print_point_interval	canonical		
control	numrun	integer	0*	num_runs	canonical		
control	nmodls	integer(50)	0*	max_model_number	canonical	mesa: max_model_number	
control	opecalex	string(7)	'OPACALEXANDER.X00',	alex_z_value	todo		TODO verify: Z of the Alexander opacity table in use
control	poa	real	0.0*	po_weight_l	canonical		former common/po/: po_weight_l/po_weight_teff/po_weight_age/ po_max_len_sq/po_output_enabled (originally poa/pob/poc/pomax/ lpout) are NAMELIST values with different cano
control	pob	real	0.0*	po_weight_teff	canonical		former common/po/: po_weight_l/po_weight_teff/po_weight_age/ po_max_len_sq/po_output_enabled (originally poa/pob/poc/pomax/ lpout) are NAMELIST values with different cano
control	poc	real	0.0*	po_weight_age	canonical		former common/po/: po_weight_l/po_weight_teff/po_weight_age/ po_max_len_sq/po_output_enabled (originally poa/pob/poc/pomax/ lpout) are NAMELIST values with different cano
control	pomax	real	0.0*	po_max_len_sq	canonical		
control	rsclm	real(50)	0.0*	rescale_mass	proposed	mesa: new_mass	Per-run target mass (Msun) for rescale runs
control	rsclx	real(50)	0.0*	rescale_x	proposed		Per-run target hydrogen fraction for rescale runs
control	rsclz	real(50)	0.0*	rescale_z	proposed	mesa: new_Z	Per-run target metallicity for rescale runs
control	rsclcm	real(50)	0.0*	rescale_core_mass	proposed		Per-run rescale: core mass bound
control	rsclzc	real(50)	0.0*	rescale_core_z	verified		rscale/setcal: core-Z rescale target
control	rsclzm1	real(50)	0.0*	rescale_z_mix1	verified		rscale/setcal: Z-mix rescale parameter 1
control	rsclzm2	real(50)	0.0*	rescale_z_mix2	verified		rscale/setcal: Z-mix rescale parameter 2
control	setdt	real(50)	0.0*	timestep_override	canonical		
control	senv0a	real(50)	0.0*	senv0_array	canonical		
control	steff	real	0.0*	target_teff	canonical		
control	sr	real	0.0*	target_radius_rsun	canonical		
control	tolr	real	0.0*	radius_tolerance	canonical		former common/cals2/: luminosity_tolerance/radius_tolerance/ zx_tolerance/calibrate_solar_model/calibrate_solar_zx/ target_solar_zx/target_solar_age (originally toll/tolr
control	toll	real	0.0*	luminosity_tolerance	canonical		former common/cals2/: luminosity_tolerance/radius_tolerance/ zx_tolerance/calibrate_solar_model/calibrate_solar_zx/ target_solar_zx/target_solar_age (originally toll/tolr
control	tolz	real	0.0*	zx_tolerance	canonical		
control	xenv0a	real(50)	0.0*	initial_x_array	canonical		former common/newxym/: initial_x_array/initial_z_array/ mixing_length_array/has_senv0_array/senv0_array (originally xenv0a/ zenv0a/cmixla/lsenv0a/senv0a) are NAMELIST val
control	xls	real	0.0*	target_luminosity_lsun	canonical		former common/calstar/: target_luminosity_lsun/ target_star_luminosity_tolerance/target_teff/target_radius_rsun/ specify_teff_flag/calibrate_star_flag (originally xls/xls
control	xlstol	real	0.0*	target_star_luminosity_tolerance	canonical		
control	zenv0a	real(50)	0.0*	initial_z_array	canonical		former common/newxym/: initial_x_array/initial_z_array/ mixing_length_array/has_senv0_array/senv0_array (originally xenv0a/ zenv0a/cmixla/lsenv0a/senv0a) are NAMELIST val
control	zlaol1	real	0.0*	laol_table_z1	canonical		former common/newopac/: laol_table_z1/laol_table_z2/opal_table_z1/ opal_table_z2/opal95_single_table_z/alex_table_z1/kurucz_table_z1/ kurucz_table_z2/molecular_opacity_lo
control	zlaol2	real	0.0*	laol_table_z2	canonical		former common/newopac/: laol_table_z1/laol_table_z2/opal_table_z1/ opal_table_z2/opal95_single_table_z/alex_table_z1/kurucz_table_z1/ kurucz_table_z2/molecular_opacity_lo
control	zopal1	real	0.0*	opal_table_z1	canonical		former common/newopac/: laol_table_z1/laol_table_z2/opal_table_z1/ opal_table_z2/opal95_single_table_z/alex_table_z1/kurucz_table_z1/ kurucz_table_z2/molecular_opacity_lo
control	zopal2	real	0.0*	opal_table_z2	canonical		
control	zopal951	real	0.0*	opal95_single_table_z	canonical		
control	zopal952	real	0.0*	opal95_z2	proposed		Second Z of the OPAL95 opacity table pair
control	zalex1	real	0.0*	alex_table_z1	canonical		
control	zalex2	real	0.0*	alex_z2	proposed		Second Z of the Alexander table pair
control	zkur1	real	0.0*	kurucz_table_z1	canonical		
control	zkur2	real	0.0*	kurucz_table_z2	canonical		
control	fopale01	string	''*	opal01_eos_table_file	proposed		OPAL 2001 EOS table
control	fcondopacp	string	''*	conductive_opacity_table_file	proposed		Potekhin conductive opacity table
control	fopale06	string	''*	opal06_eos_table_file	proposed		OPAL 2006 EOS table
control	falex06	string	''*	alex06_opacity_table_file	proposed		Ferguson/Alexander 2006 low-T opacity tables
control	lalex06	logical	.false.*	use_alex06_tables	canonical		
control	end_dcen	real(50)	0.0*	central_deuterium_stop	canonical	mesa: log_center_density_limit	
control	end_xcen	real(50)	0.0*	central_hydrogen_stop	canonical	mesa: xa_central_lower_limit	
control	end_ycen	real(50)	0.0*	central_helium_stop	canonical	mesa: xa_central_lower_limit (He)	
control	isetmix	integer	0*	mixture_change_mode	canonical		former common/newmx/: mixture_change_mode/isotope_change_mode/ target_carbon_cno_fraction/target_nitrogen_cno_fraction/ target_oxygen_cno_fraction/c12_to_c13_ratio/n14_to
control	isetiso	integer	0*	isotope_change_mode	canonical		former common/newmx/: mixture_change_mode/isotope_change_mode/ target_carbon_cno_fraction/target_nitrogen_cno_fraction/ target_oxygen_cno_fraction/c12_to_c13_ratio/n14_to
control	amix	string	''*	cno_mixture_name	proposed		Heavy-element mixture selector (GS98/CUS/...) applied to the start model
control	aiso	string	''*	isotope_mixture_name	proposed		Isotope-ratio set selector (L21 default or CUS custom)
control	frac_c	real	0.0*	target_carbon_cno_fraction	canonical		
control	frac_n	real	0.0*	target_nitrogen_cno_fraction	canonical		
control	frac_o	real	0.0*	target_oxygen_cno_fraction	canonical		
control	r12_13	real	0.0*	c12_to_c13_ratio	canonical		
control	r14_15	real	0.0*	n14_to_n15_ratio	canonical		
control	r16_17	real	0.0*	o16_to_o17_ratio	canonical		
control	r16_18	real	0.0*	o16_to_o18_ratio	canonical		
control	zxmix	real	0.0*	target_metal_fraction	canonical		
control	xh2_ini	real	0.0*	initial_h2_fraction	canonical		
control	xhe3_ini	real	0.0*	initial_he3_fraction	canonical		
control	xli6_ini	real	0.0*	initial_li6_fraction	canonical		
control	xli7_ini	real	0.0*	initial_li7_fraction	canonical		
control	xbe9_ini	real	0.0*	initial_be9_fraction	canonical		
control	xb10_ini	real	0.0*	initial_b10_fraction	canonical		
control	xb11_ini	real	0.0*	initial_b11_fraction	canonical		
control	pulse_gyre_interval	integer	0*	pulse_gyre_interval	keep		former common/pulsegyre/: pulse_gyre_interval is a NAMELIST /control/ value spelled identically to its canonical name.
physics	atmmin	real	0.0*	atm_step_min	canonical		
physics	atmbeg	real	0.0*	atm_step_begin	canonical		former common/intatm/: all 5 members are NAMELIST /physics/ values with different canonical spellings than core/parmin.f90's terse names (atmerr/atmd0/atmbeg/atmmin/atmma
physics	atmerr	real	0.0*	atm_error_tol	canonical		former common/intatm/: all 5 members are NAMELIST /physics/ values with different canonical spellings than core/parmin.f90's terse names (atmerr/atmd0/atmbeg/atmmin/atmma
physics	atmmax	real	0.0*	atm_step_max	canonical		
physics	atmd0	real	0.0*	atm_step_initial	canonical		former common/intatm/: all 5 members are NAMELIST /physics/ values with different canonical spellings than core/parmin.f90's terse names (atmerr/atmd0/atmbeg/atmmin/atmma
physics	anewcp	string	''*	change_species_name	verified		Element id whose abundance to override in the start model (with change_species_value)
physics	atmp	string	''*	atm_print_flag	todo		TODO verify
physics	acfpft	real	0.0*	fpft_average_weight	verified		Averaging weight in the fp/ft update (shape, checkj)
physics	atime	real(14)	0.0*	timestep_factors	verified		Per-phase timestep-control factor array (wtime/ytime governors)
physics	alphac	real	0.0*	overshoot_alpha_core	proposed	~ MESA overshoot f	Core overshoot extent in pressure scale heights
physics	alphae	real	0.0*	overshoot_alpha_envelope	proposed		Envelope overshoot extent in pressure scale heights
physics	alfa	real	0.0*	wind_law_index	verified		Kawaler wind-law index: JDOT ~ FK * OMEGA^(1+4a/3) * ... (echoed as WIND IND.)
physics	alpham	real	0.0*	overshoot_alpha_min	verified		oversh: minimum overshoot alpha
physics	atmstp	real	0.0*	atm_step_size	canonical		former common/envgen/: all 3 members are NAMELIST values with different canonical spellings, kept local in core/parmin.f90 and copy-assigned.
physics	abstol	real	0.0*	absolute_tolerance	canonical		former common/burtol/: min_abundance/absolute_tolerance/ relative_tolerance/max_burn_iterations (originally cmin/abstol/ reltol/kemmax) are NAMELIST values with different
physics	betac	real	0.0*	overshoot_beta_core	verified		oversh: core overshoot shape parameter
physics	cmin	real	0.0*	min_abundance	canonical		former common/burtol/: min_abundance/absolute_tolerance/ relative_tolerance/max_burn_iterations (originally cmin/abstol/ reltol/kemmax) are NAMELIST values with different
physics	clsun	real	0.0*	solar_luminosity_cgs	canonical		former common/const/: solar physical constants (luminosity, mass, radius in cgs, plus their log10/ln/bolometric-magnitude derivatives), all computed once at startup in se
physics	crsun	real	0.0*	solar_radius_cgs	canonical		
physics	dpenv	real	0.0*	envelope_logP_step	verified		mix: envelope pressure step control
physics	dtdif	real	0.0*	diffusion_timestep_factor	proposed		Sub-timestep factor for rotation diffusion
physics	dtwind	real	1.0d1	max_domega_global	canonical		former common/ct2/: max_domega_global (originally dtwind) is a NAMELIST value with a different canonical spelling, kept local in core/parmin.f90 and copy-assigned.
physics	djok	real	1.0d-4	convergence_tolerance	canonical		
physics	dt_gs	real	0.0*	settling_timestep_fraction	canonical		former common/gravs2/: all 4 members are NAMELIST /physics/ values, each with a different canonical spelling than core/parmin.f90's terse names (dt_gs/xmin/ymin/lthoulfit
physics	enverr	real	0.0*	env_error_tol	canonical		former common/intenv/: all 4 members are NAMELIST /physics/ values with different canonical spellings than core/parmin.f90's terse names (enverr/envbeg/envmin/envmax -> e
physics	envmax	real	0.0*	env_step_max	canonical		
physics	envmin	real	0.0*	env_step_min	canonical		former common/intenv/: all 4 members are NAMELIST /physics/ values with different canonical spellings than core/parmin.f90's terse names (enverr/envbeg/envmin/envmax -> e
physics	envbeg	real	0.0*	env_step_begin	canonical		former common/intenv/: all 4 members are NAMELIST /physics/ values with different canonical spellings than core/parmin.f90's terse names (enverr/envbeg/envmin/envmax -> e
physics	envstp	real	0.0*	envelope_step_size	canonical		former common/envgen/: all 3 members are NAMELIST values with different canonical spellings, kept local in core/parmin.f90 and copy-assigned.
physics	etadh0	real	0.0*	debye_huckel_eta_min	canonical		
physics	etadh1	real	0.0*	debye_huckel_eta_max	canonical		
physics	fcorr0	real	0.0*	solver_correction_factor0	todo		TODO verify: under-relaxation factor, first iterations
physics	fcorri	real	0.0*	solver_correction_factor	todo		TODO verify: under-relaxation factor, later iterations
physics	fk	real	0.0*	wind_law_constant	verified		Kawaler/PMM wind-law constant factor FK in the JDOT formula
physics	fw	real	0.0*	difad_velocity_scale	canonical		
physics	fc	real	0.0*	mixing_velocity_scale	canonical		
physics	fo	real	0.0*	coupling_factor	verified		Echoed as COUPLING in the .short header; no other functional use found
physics	fmu	real	0.0*	mu_gradient_scale	canonical		
physics	fes	real	0.0*	es_velocity_scale	canonical		
physics	fcore	real	0.0*	core_mass_reduction_factor	canonical		
physics	fgsf	real	0.0*	gsf_velocity_scale	canonical		
physics	fss	real	0.0*	secular_shear_velocity_scale	canonical		
physics	fesc	real	0.0*	es_mixing_scale	canonical		
physics	fssc	real	0.0*	secular_shear_mixing_scale	canonical		
physics	fgsfc	real	0.0*	gsf_mixing_scale	canonical		
physics	fgry	real	0.0*	settling_y_factor	verified		Gravitational settling multiplier for helium (microdiff)
physics	fgrz	real	0.0*	settling_z_factor	verified		Gravitational settling multiplier for metals (microdiff)
physics	grtol	real	0.0*	settling_tolerance	canonical		former common/gravst/: all 4 members are NAMELIST /physics/ values, each with a different canonical spelling than core/parmin.f90's terse names (grtol/ilambda/niter_gs/ld
physics	htoler	real(5,2)	0.0*	solver_tolerance	todo		TODO verify: Henyey convergence tolerance
physics	hpttol	real(12)	1.0d-8,8.0d-2,5.0d-2,5.0d-2,1.0d0,1.0d0,0.0d0,5.0d-2, &	rezone_mass_spacing	unused		DEAD: referenced nowhere (functional-ref scan incl. parmin internals and echoes); legacy path only
physics	itfp1	integer	0*	fpft_iter1	verified		shape/fpft iteration bound 1
physics	itfp2	integer	0*	fpft_iter2	verified		shape/fpft iteration bound 2
physics	imax	integer	0*	max_stage_index	canonical		
physics	itdif1	integer	0*	num_rotation_structure_iters	proposed		Structure<->rotation iterations per step (itrot loop)
physics	itdif2	integer	0*	max_diffusion_iters	proposed		Rotation diffusion-solve iteration limit (seculr/checkj)
physics	ies	integer	0*	enable_eddington_sweet	unused		DEAD: referenced nowhere (functional-ref scan incl. parmin internals and echoes); legacy path only
physics	igsf	integer	1	gsf_inhibition_mode	canonical		
physics	imu	integer	0*	enable_mu_gradient	unused		DEAD: referenced nowhere (functional-ref scan incl. parmin internals and echoes); legacy path only
physics	ilambda	integer	0*	coulomb_log_choice	canonical		
physics	kttau	integer	0	atm_choice	canonical	mesa: atm_option (int code here)	former common/atmos/: atm_choice (originally kttau) is a NAMELIST value with a different canonical spelling, kept local in core/parmin.f90 and copy-assigned. atm_choice_i
physics	kemmax	integer	0*	max_burn_iterations	canonical		
physics	lvfc	logical	.false.*	velocity_form_correction	verified		codiff option: alternative velocity form in diffusion coefficients
physics	ldifad	logical	.false.	use_diffusion_advection_transport	canonical		
physics	lnoj	logical	.false.	no_am_transport_in_core	canonical		former common/notran/: no_am_transport_in_core (originally lnoj) is a NAMELIST value with a different canonical spelling, kept local in core/parmin.f90 and copy-assigned.
physics	lnewdif	logical	.false.	use_new_diffusion_routines	canonical		former common/gravs4/: use_new_diffusion_routines (originally lnewdif) is a NAMELIST value with a different canonical spelling, so core/parmin.f90 keeps a local lnewdif a
physics	ldify	logical	.false.*	diffuse_helium_active	canonical		
physics	ldifz	logical	.false.	use_diffusion_z	canonical		
physics	ldifli	logical	.false.*	diffuse_lithium	proposed		Include Li/Be in gravitational settling
physics	lsnu	logical	.false.*	calc_neutrinos	proposed		Compute solar neutrino fluxes
physics	ldh	logical	.false.*	use_debye_huckel_correction	canonical		
physics	lnewcp	logical	.false.*	rescale_species_active	canonical		
physics	lkuthe	logical	.false.	helium_flash_active	canonical		former common/heflsh/: helium_flash_active (originally lkuthe) is a NAMELIST value with a different canonical spelling, kept local in core/parmin.f90 and copy-assigned.
physics	lovstc	logical	.false.*	core_overshoot_active	proposed		Enable convective-core overshoot
physics	lovste	logical	.false.	envelope_overshoot_active	canonical		
physics	lovstm	logical	.false.*	min_overshoot_active	todo		TODO verify: third overshoot switch (with lovstc/lovste)
physics	lovmax	logical	.false.*	overshoot_max_extent_flag	verified		oversh: cap overshoot extent option
physics	lexcom	logical	.false.	use_extended_composition	canonical		former common/flag/: single NAMELIST /physics/ member selecting the extended (15-species) vs. default composition array. Same namelist-can't-rename treatment as use_itoh_
physics	lrot	logical	.false.*	rotation_flag	canonical	mesa: rotation_flag	
physics	lnew0	logical	.false.*	new_triangle_init_flag	verified		Force a fresh envelope-fit triangle at run start
physics	linstb	logical	.false.*	instability_transport_active	canonical		
physics	lwnew	logical	.false.*	set_initial_omega	proposed		Initialize solid-body rotation at omega = initial_omega
physics	ljdot0	logical	.false.*	use_wind_torque	proposed		Apply magnetic wind angular-momentum loss
physics	lptime	logical	.true.	use_structure_dt_limits	canonical		former common/ct3/: use_structure_dt_limits (originally lptime) is a NAMELIST value with a different canonical spelling, kept local in core/parmin.f90 and copy-assigned.
physics	ladov	logical	.false.*	adiabatic_overshoot_active	verified		tpgrad: treat overshoot region adiabatically
physics	ltrist	logical	.false.	use_envelope_triangle_dt	canonical		former common/govs/: use_envelope_triangle_dt (originally ltrist) is a NAMELIST value with a different canonical spelling, kept local in core/parmin.f90 and copy-assigned
physics	lenvg	logical	.false.*	envelope_generation_flag	canonical		
physics	lnulos1	logical	.false.	use_itoh_neutrino_loss	canonical		former common/nuloss/'s one config member: switch selecting the Itoh 1996 neutrino-loss routines (net_lib.f90's engeb), a NAMELIST /physics/ value. core/parmin.f90's loca
physics	lthoul	logical	.false.*	use_thoul_diffusion	proposed		Thoul et al. diffusion coefficients
physics	lthoulfit	logical	.false.*	use_thoul_fit	canonical		
physics	lopale	logical	.false.*	use_opal95_eos	canonical		former common/opaleos/: use_opal95_eos/use_opal2001_eos/ use_opal2006_eos/use_numerical_derivatives (originally lopale/ lopale01/lopale06/lnumderiv) are NAMELIST values w
physics	lmhd	logical	.false.	use_mhd_eos	canonical		former common/mhd/: use_mhd_eos is a NAMELIST /physics/ value (core/parmin.f90's lmhd, kept local there and copy-assigned). unit_zams_a/b/c/unit_centre1-5 (former common/
physics	lcore	logical	.false.*	extend_core_inward	canonical		former common/core/: extend_core_inward/num_core_shells_added/ core_mass_reduction_factor (originally lcore/mcore/fcore) are NAMELIST values with different canonical spel
physics	lsemic	logical	.false.*	use_semiconvection	proposed		Semiconvection treatment (conflicts with core overshoot)
physics	lnews	logical	.false.*	improved_first_guess_flag	proposed		Use stored structure changes for the next model's first guess
physics	mcore	integer	0*	num_core_shells_added	canonical		
physics	niter1	integer	0*	max_iter_level1	proposed		Henyey iteration limit, level 1 (fresh surface BC)
physics	niter2	integer	0*	max_iter_level2	proposed		Henyey iteration limit, level 2
physics	niter3	integer	0*	max_iter_level3	proposed		Henyey iteration limit, level 3
physics	niter4	integer	0*	max_iter_level4	proposed		Henyey iteration limit, level 4 (high precision)
physics	nuse	integer	0*	extrap_order	canonical		
physics	niter_gs	integer	0*	settling_num_iterations	canonical		
physics	optol	real	1.0d-8	metal_fraction_match_tolerance	canonical		former common/optab/: metal_fraction_match_tolerance is a NAMELIST /physics/ value (core/parmin.f90's optol, kept local there and copy-assigned). zsi/idt/idd (former comm
physics	rcrit	real	0.0*	critical_reynolds	canonical		
physics	reltol	real	0.0*	relative_tolerance	canonical		
physics	stolr0	real	0.0*	tolerance_fraction	canonical		
physics	tcut	real(5)	0.0*	nuclear_logT_cutoffs	proposed		log T cutoffs (5) below which burning groups are switched off
physics	tscut	real	0.0*	saha_log10t_cutoff	canonical		
physics	tenv0	real	0.0*	rezone_env_logT0	verified		hpoint envelope rezoning temperature bound (lower)
physics	tenv1	real	0.0*	rezone_env_logT1	verified		hpoint envelope rezoning temperature bound (upper)
physics	tgcut	real	0.0*	gradient_logT_cutoff	verified		tpgrad: above this logT simplified gradient handling applies
physics	tridt	real	0.0*	tri_delta_teffl	canonical		former common/cenv/: lnew0 is a NAMELIST /physics/ value spelled identically to its canonical name. tri_delta_teffl/tri_delta_logl (originally tridt/tridl) are also NAMEL
physics	tridl	real	0.0*	tri_delta_logl	canonical		former common/cenv/: lnew0 is a NAMELIST /physics/ value spelled identically to its canonical name. tri_delta_teffl/tri_delta_logl (originally tridt/tridl) are also NAMEL
physics	tollaol	?	?	laol_z_tolerance	todo		TODO verify: LAOL table Z-match tolerance
physics	vnew	real(12)	0.0*	mixture_weights_seed	proposed		Species mixture-weight vector seeding starin's mixture algorithm
physics	walpcz	real	0.0*	new_zone_omega_weight	verified		Omega interpolation weight for newly added envelope zones (getnewenv)
physics	wnew	real	0.0*	initial_omega	proposed		Initial rotation rate when set_initial_omega
physics	weakscreening	real	0.03d0	weak_screening_threshold	canonical		
physics	xnewcp	real	0.0*	change_species_value	verified		New abundance for change_species_name
physics	xmin	real	0.0*	hydrogen_diffusion_floor	canonical		
physics	ymin	real	0.0*	helium_diffusion_min	canonical		
physics	tmolmin	real	0.0*	molecular_opacity_logt_min	canonical		
physics	tmolmax	real	0.0*	molecular_opacity_logt_max	canonical		
physics	lmonte	logical	.false.*	monte_carlo_active	proposed		Monte-Carlo multi-realization mode
physics	imbeg	integer	0*	mc_run_start	proposed		First Monte-Carlo realization index
physics	imend	integer	0*	mc_run_end	proposed		Last Monte-Carlo realization index
physics	sstandard	real(17)	0.9828,1.0485,0.9815,0.9241,1.3818,1.0542,1.0, &	mc_standard_seed	unused		DEAD: referenced nowhere (functional-ref scan incl. parmin internals and echoes); legacy path only
physics	lscv	logical	.false.	use_scv_eos	canonical		
physics	ldisk	logical	.false.*	disk_locking_active	canonical		
physics	tdisk	real	0.0*	disk_temperature	canonical		former common/disk/: disk_temperature/disk_pressure/ disk_locking_active are NAMELIST /physics/ values (core/parmin.f90's tdisk/pdisk/ldisk, kept local there and copy-ass
physics	pdisk	real	0.0*	disk_pressure	canonical		
physics	wmax	real	0.0*	wind_saturation_omega	canonical		
physics	lsolid	logical	.false.*	force_solid_body_rotation	canonical		former common/sbrot/: force_solid_body_rotation/solid_body_mode_flag (originally lsolid/impjmod) are NAMELIST values with different canonical spellings, kept local in cor
physics	impjmod	integer	0*	solid_body_mode_flag	canonical		
physics	dmdt0	real	0.0*	mass_change	canonical	mesa: mass_change	former common/masschg/: mass-accretion/Reimers-wind parameters, all NAMELIST /physics/ values. use_mass_accretion can be flipped off mid-run by wind/mdot.f90 (if a circum
physics	fczdmdt	real	0.0*	accretion_cz_fraction	verified		mdot: accreted-mass fraction deposited in the CZ
physics	ftotdmdt	real	0.0*	accretion_total_fraction	verified		mdot: total accreted-mass fraction parameter
physics	compacc	real(15)	0.0*	accreted_composition	canonical		
physics	creim	real	0.0*	reimers_scaling_factor	proposed	mesa: Reimers_scaling_factor	Reimers mass-loss efficiency eta
physics	lreimer	logical	.false.*	use_reimers_wind	proposed		Enable Reimers red-giant mass loss
physics	lmdot	logical	.false.*	use_mass_change	canonical	mesa: mass_change on/off	
physics	lopale01	logical	.false.*	use_opal2001_eos	canonical		former common/opaleos/: use_opal95_eos/use_opal2001_eos/ use_opal2006_eos/use_numerical_derivatives (originally lopale/ lopale01/lopale06/lnumderiv) are NAMELIST values w
physics	lcondopacp	logical	.false.*	use_conductive_opacity	canonical		
physics	lopale06	logical	.false.*	use_opal2006_eos	canonical		former common/opaleos/: use_opal95_eos/use_opal2001_eos/ use_opal2006_eos/use_numerical_derivatives (originally lopale/ lopale01/lopale06/lnumderiv) are NAMELIST values w
physics	lnumderiv	logical	.false.*	use_numerical_derivatives	canonical		
physics	alatm_feh	real	0d0	allard_target_feh	canonical		former common/alatm03/: allard_target_feh/allard_target_alpha/ allard_use_tau100 (originally alatm_feh/alatm_alpha/laltptau100) are NAMELIST values with different canonic
physics	alatm_alpha	real	0d0	allard_target_alpha	canonical		former common/alatm03/: allard_target_feh/allard_target_alpha/ allard_use_tau100 (originally alatm_feh/alatm_alpha/laltptau100) are NAMELIST values with different canonic
physics	laltptau100	logical	.false.	allard_use_tau100	canonical		
physics	cstmixing	real	0.0*	constant_mixing_coeff	proposed		Constant added diffusion coefficient (mixing)
physics	cstdiffmix	real	0.0*	constant_settling_reduction	proposed		Constant coefficient mimicking mixing to reduce settling
physics	lsolwind	logical	.false.	calibrate_solar_wind	todo		TODO verify: solar wind-loss calibration mode
physics	lmwind	logical	.false.*	use_pmm_wind_law	canonical		
physics	lrossby	logical	.false.*	scale_by_rossby_number	canonical		
physics	lpmm	logical	.false.*	use_pmm_wind	proposed		Use the PMM wind law (Somers pinned Matt-style)
physics	lbscale	logical	.false.*	scale_by_b_field	canonical		
physics	awind	string	''*	wind_law_name	canonical		
physics	pmma	real	0.0*	pmm_exponent_a	canonical		former common/pmmwind/: pmm_exponent_a/pmm_exponent_b/ pmm_exponent_c/pmm_exponent_d/pmm_exponent_m/pmm_norm_jdot/ pmm_norm_mdot/pmm_solar_pressure/pmm_solar_omega/ pmm_s
physics	pmmb	real	0.0*	pmm_exponent_b	canonical		former common/pmmwind/: pmm_exponent_a/pmm_exponent_b/ pmm_exponent_c/pmm_exponent_d/pmm_exponent_m/pmm_norm_jdot/ pmm_norm_mdot/pmm_solar_pressure/pmm_solar_omega/ pmm_s
physics	pmmc	real	0.0*	pmm_exponent_c	canonical		former common/pmmwind/: pmm_exponent_a/pmm_exponent_b/ pmm_exponent_c/pmm_exponent_d/pmm_exponent_m/pmm_norm_jdot/ pmm_norm_mdot/pmm_solar_pressure/pmm_solar_omega/ pmm_s
physics	pmmd	real	0.0*	pmm_exponent_d	canonical		
physics	pmmm	real	0.0*	pmm_exponent_m	canonical		
physics	pmmjd	real	0.0*	pmm_norm_jdot	canonical		
physics	pmmmd	real	0.0*	pmm_norm_mdot	canonical		
physics	pmmwmax	real	0.0*	pmm_omega_sat	proposed		PMM wind: saturation omega
physics	pmmsolp	real	0.0*	pmm_solar_pressure	canonical		
physics	pmmsolw	real	0.0*	pmm_solar_omega	canonical		
physics	pmmsoltau	real	0.0*	pmm_solar_turnover_timescale	canonical		
physics	lcodm	logical	.false.*	use_constant_background_diffusion	canonical		
physics	codm	real	0.0*	constant_background_diffusion_coeff	canonical		former common/mag/: constant_background_diffusion_coeff/ use_constant_background_diffusion (originally codm/lcodm) are NAMELIST values with different canonical spellings,
physics	wmax_sun	real	0.0*	solar_omega_sat	proposed		Saturation omega for the solar-calibrated wind
physics	xsli6	real	0.0*	li6_rate_value	verified		Li6 burning cross-section override (sets sli6 = value/5.5e3 when scale_li6_rate)
physics	xsli7	real	0.0*	li7_rate_value	verified		Li7 burning cross-section override (value/5.2e1)
physics	xsbe91	real	0.0*	be9_rate_value1	verified		Be9 cross-section override 1 (value/1.1)
physics	xsbe92	real	0.0*	be9_rate_value2	verified		Be9 cross-section override 2 (value/1.5e4)
physics	xsbe93	real	0.0*	be9_rate_value3	verified		Be9 cross-section override 3 (value/1.5e4)
physics	lxli6	logical	.false.*	scale_li6_rate	verified		Apply li6_rate_value
physics	lxli7	logical	.false.*	scale_li7_rate	verified		Apply li7_rate_value
physics	lxbe91	logical	.false.*	scale_be9_rate1	verified		Apply be9_rate_value1
physics	lxbe92	logical	.false.*	scale_be9_rate2	verified		Apply be9_rate_value2
physics	lxbe93	logical	.false.*	scale_be9_rate3	verified		Apply be9_rate_value3
physics	sli6	real	0.0*	li6_rate_scale	canonical		former common/burnscs/: light-element cross-section scale factors. core/parmin.f90's own local names (sli6 etc) are themselves NAMELIST /physics/ members (see that file's
physics	sli7	real	0.0*	li7_rate_scale	canonical		former common/burnscs/: light-element cross-section scale factors. core/parmin.f90's own local names (sli6 etc) are themselves NAMELIST /physics/ members (see that file's
physics	sbe91	real	0.0*	be9_pg_rate_scale	canonical		
physics	sbe92	real	0.0*	be9_pd_rate_scale	canonical		
physics	sbe93	real	0.0*	be9_palpha_rate_scale	canonical		
physics	lnewnuc	logical	.false.	use_new_nuclear_rates	canonical		
physics	spotf	real	0.0*	spot_filling_factor	canonical		former common/spots/: all 3 members are NAMELIST /physics/ values, same namelist-can't-rename treatment as above -- core/parmin.f90 keeps its local spotf/spotx/lsdepth an
physics	spotx	real	0.0*	spot_temp_contrast	canonical		
physics	lsdepth	logical	.false.*	spot_depth_varies	canonical		
physics	s0_1_1	real	0.0*	s0_pp	canonical		former common/newcross/: user-supplied nuclear reaction S-factors (and first/second derivative ratios relative to the Adelberger et al. 1998 Solar Fusion I values). s0_pp
physics	s0_3_3	real	0.0*	s0_he3he3	canonical		former common/newcross/: user-supplied nuclear reaction S-factors (and first/second derivative ratios relative to the Adelberger et al. 1998 Solar Fusion I values). s0_pp
physics	s0_3_4	real	0.0*	s0_he3he4	canonical		former common/newcross/: user-supplied nuclear reaction S-factors (and first/second derivative ratios relative to the Adelberger et al. 1998 Solar Fusion I values). s0_pp
physics	s0_1_12	real	0.0*	s0_p_c12	canonical		former common/newcross/: user-supplied nuclear reaction S-factors (and first/second derivative ratios relative to the Adelberger et al. 1998 Solar Fusion I values). s0_pp
physics	s0_1_13	real	0.0*	s0_p_c13	canonical		former common/newcross/: user-supplied nuclear reaction S-factors (and first/second derivative ratios relative to the Adelberger et al. 1998 Solar Fusion I values). s0_pp
physics	s0_1_14	real	0.0*	s0_p_n14	canonical		
physics	s0_1_16	real	0.0*	s0_p_o16	canonical		
physics	s0_pep	real	0.0*	s0_pep	keep		
physics	s0_1_be7e	real	0.0*	s0_be7_electron	canonical		
physics	s0_1_be7p	real	0.0*	s0_be7_p	canonical		
physics	s0_hep	real	0.0*	s0_hep	keep		
physics	s0_1_15_c12alp	real	0.0*	s0_n15_p_c12_branch	canonical		
physics	s0_1_15_o16	real	0.0*	s0_n15_p_o16_branch	canonical		
physics	s0p_1_1	real	0.0*	s0p_pp	canonical		
physics	s0p_3_3	real	0.0*	s0p_he3he3	canonical		
physics	s0p_3_4	real	0.0*	s0p_he3he4	canonical		
physics	s0p_1_12	real	0.0*	s0p_p_c12	canonical		
physics	s0p_1_13	real	0.0*	s0p_p_c13	canonical		
physics	s0p_1_14	real	0.0*	s0p_p_n14	canonical		
physics	s0p_1_16	real	0.0*	s0p_p_o16	canonical		
physics	s0pp_1_12	real	0.0*	s0pp_p_c12	canonical		
physics	s0pp_1_13	real	0.0*	s0pp_p_c13	canonical		
physics	s0pp_1_16	real	0.0*	s0pp_p_o16	canonical		
physics	s0p_1_be7p	real	0.0*	s0p_be7_p	canonical		
physics	s0pp_1_be7p	real	0.0*	s0pp_be7_p	canonical		
physics	flag_dx	real	0.0*	flag_dx	keep		former common/newparam/: all 30 NAMELIST values (the "intuitively named" timestep/tolerance parameters replacing DTDIF/DTWIND/HPTTOL/ ATIME) are spelled identically to th
physics	flag_dw	real	0.0*	flag_dw	keep		former common/newparam/: all 30 NAMELIST values (the "intuitively named" timestep/tolerance parameters replacing DTDIF/DTWIND/HPTTOL/ ATIME) are spelled identically to th
physics	flag_dz	real	0.0*	flag_dz	keep		former common/newparam/: all 30 NAMELIST values (the "intuitively named" timestep/tolerance parameters replacing DTDIF/DTWIND/HPTTOL/ ATIME) are spelled identically to th
physics	lstruct_time	logical	.false.*	lstruct_time	keep		
physics	time_core_min	real	0.0*	time_core_min	keep		
physics	time_dl	real	0.0*	time_dl	keep		
physics	time_dp	real	0.0*	time_dp	keep		
physics	time_dr	real	0.0*	time_dr	keep		
physics	time_dt	real	0.0*	time_dt	keep		
physics	time_dw_global	real	0.0*	time_dw_global	keep		
physics	time_dw_mix	real	0.0*	time_dw_mix	keep		
physics	time_dx_core_frac	real	0.0*	time_dx_core_frac	keep		
physics	time_dx_core_tot	real	0.0*	time_dx_core_tot	keep		
physics	time_dx_shell	real	0.0*	time_dx_shell	keep		
physics	time_dx_total	real	0.0*	time_dx_total	keep		
physics	time_dy_core_frac	real	0.0*	time_dy_core_frac	keep		
physics	time_dy_core_tot	real	0.0*	time_dy_core_tot	keep		
physics	time_dy_shell	real	0.0*	time_dy_shell	keep		
physics	time_dy_total	real	0.0*	time_dy_total	keep		
physics	tol_czbase_fine_width	real	0.0*	tol_czbase_fine_width	keep		
physics	tol_dl_max	real	0.0*	tol_dl_max	keep		
physics	tol_dm_max	real	0.0*	tol_dm_max	keep		
physics	tol_dm_min	real	0.0*	tol_dm_min	keep		
physics	tol_dp_core_max	real	0.0*	tol_dp_core_max	keep		
physics	tol_dp_czbase_max	real	0.0*	tol_dp_czbase_max	keep		
physics	tol_dp_env_max	real	0.0*	tol_dp_env_max	keep		
physics	tol_dx_max	real	0.0*	tol_dx_max	keep		
physics	tol_dz_max	real	0.0*	tol_dz_max	keep		
physics	time_max_dt_frac	real	0.0*	time_max_dt_frac	keep		
physics	lnewvars	logical	.false.*	use_new_rate_variables	verified		remap: use the new nuclear-rate variable set
physics	lnewtcz	logical	.false.*	use_new_turnover_timescale	canonical		former common/ovrtrn/'s two config members: NAMELIST /physics/ values selecting the newer convective-turnover-timescale calculation and whether to run the full envelope i
physics	lcalcenv	logical	.false.*	calc_envelope_flag	canonical		
control	use_legacy_output	logical	.true. legacy decks / .false. new-style inlists	use_legacy_output	verified		Output style: .true. = historical .track/.store streams; .false. = MESA-format output (.history now, profiles to follow). Default depends on inlist style.
