sub_struct	struct_verdict	member	dims	proposed_flat_home	note	evidence_class	writer_domains	reader_domains
prev	FLATTEN	logP_start	(json)	star%logP_start		PROPERTY(cross-domain)	core,setup	setup,util
prev	FLATTEN	logT_start	(json)	star%logT_start		PROPERTY(cross-domain)	core	core,setup,util
prev	FLATTEN	logR_start	(json)	star%logR_start		PROPERTY(cross-domain)	core	core,setup,util
prev	FLATTEN	luminosity_lsun_start	(json)	star%luminosity_lsun_start		PROPERTY(cross-domain)	core,setup	core,setup,util
prev	FLATTEN	logRho_start	(json)	star%logRho_start		HANDOFF(within-pipeline)	core,setup	core,setup
prev	FLATTEN	xa_start	(15,json)	star%xa_start		HANDOFF(within-pipeline)	core,mixing,rotation,setup	core,mixing,rotation,setup
prev	FLATTEN	old_shell_mass	(json)	star%old_shell_mass	MISNOMER (holds log-mass coords of pre-rezoning grid) -- rename rezone_log_mass_prev?	SCRATCH(self-contained)	setup	setup
prev	FLATTEN	convective_flag_start	(json)	star%convective_flag_start		HANDOFF(within-pipeline)	setup	setup
prev	FLATTEN	cz_flag_start	(json)	star%cz_flag_start		SCRATCH(self-contained)	setup	-
prev	FLATTEN	log_Teff_start		star%log_Teff_start		PROPERTY(cross-domain)	core,setup	util
prev	FLATTEN	nz_start		star%nz_start		PROPERTY(cross-domain)	core,setup	util
diag	FLATTEN	sesum	(json)	star%sesum	propose eps_nuc_total? QUERY	PROPERTY(read-by-output)	core	core,io,setup
diag	FLATTEN	seg	(7,json)	star%seg	eps channels; propose eps_channels or split -- QUERY	PROPERTY(read-by-output)	core	core,io,setup
diag	FLATTEN	sbeta	(json)	star%sbeta	propose beta_gas? QUERY	PROPERTY(read-by-output)	core	io
diag	FLATTEN	seta	(json)	star%seta	propose eta_degeneracy? QUERY	PROPERTY(read-by-output)	core	io
diag	FLATTEN	locons	(json)	star%locons	propose convergence_flag? QUERY	SCRATCH(self-contained)	core	-
diag	FLATTEN	so	(json)	star%so	O16 diagnostic; cryptic -- QUERY	PROPERTY(read-by-output)	core	core,io,rotation,setup
diag	FLATTEN	del_grad	(3,json)	star%del_grad	split into gradr/gradT/grada (MESA, 3 arrays) or keep 2-D? QUERY	PROPERTY(read-by-output)	core,mixing	core,io,mixing,rotation,setup
diag	FLATTEN	sfxion	(3,json)	star%sfxion	ionization fractions -- propose fxion	PROPERTY(read-by-output)	core	io
diag	FLATTEN	svel	(json)	star%svel	propose conv_vel (MESA)? QUERY	PROPERTY(read-by-output)	core	core,io,setup
diag	FLATTEN	scp	(json)	star%scp	possible duplicate of thermo%cp -- investigate before flatten	PROPERTY(read-by-output)	core	io
turnover	FLATTEN	convective_turnover_timescale		star%convective_turnover_timescale	KEEP (wind/burn consumers documented)	PROPERTY(read-by-output)	core,wind	core,io,rotation,wind
turnover	FLATTEN	convective_turnover_timescale_old		star%convective_turnover_timescale_old		PROPERTY(cross-domain)	core,io	wind
turnover	FLATTEN	pphot		star%pphot		PROPERTY(read-by-output)	core	core,io,wind
turnover	FLATTEN	pphot0		star%pphot0		PROPERTY(cross-domain)	core,io	wind
turnover	FLATTEN	fracstep		star%fracstep		PROPERTY(cross-domain)	core,rotation	wind
light_burn	FLATTEN	rate_li6	(json)	star%rate_li6		PROPERTY(cross-domain)	core	core,mixing,rotation
light_burn	FLATTEN	rate_li7	(json)	star%rate_li7		PROPERTY(cross-domain)	core	core,mixing,rotation
light_burn	FLATTEN	rate_be9	(json)	star%rate_be9		PROPERTY(cross-domain)	core	core,mixing,rotation
light_burn	FLATTEN	rate_li6_start	(json)	star%rate_li6_start		SCRATCH(self-contained)	core,mixing,rotation	core
light_burn	FLATTEN	rate_li7_start	(json)	star%rate_li7_start		SCRATCH(self-contained)	core,mixing,rotation	core
light_burn	FLATTEN	rate_be9_start	(json)	star%rate_be9_start		SCRATCH(self-contained)	core,mixing,rotation	core
light_burn	FLATTEN	pressure_scale_height_start		star%pressure_scale_height_start		HANDOFF(within-pipeline)	core,mixing,rotation	core
light_burn	FLATTEN	pressure_scale_height_end		star%pressure_scale_height_end		PROPERTY(cross-domain)	core,rotation	core,mixing,rotation
light_burn	FLATTEN	cz_base_radius_prev		star%cz_base_radius_prev		SCRATCH(self-contained)	core	core
light_burn	FLATTEN	log_rate_li6_prev		star%log_rate_li6_prev		SCRATCH(self-contained)	core	core
light_burn	FLATTEN	log_rate_li7_prev		star%log_rate_li7_prev		SCRATCH(self-contained)	core	core
light_burn	FLATTEN	log_rate_be9_prev		star%log_rate_be9_prev		SCRATCH(self-contained)	core	core
light_burn	FLATTEN	envelope_cz_base_zone_prev		star%envelope_cz_base_zone_prev		SCRATCH(self-contained)	core	core
light_burn	FLATTEN	deuterium_burning_rate	(json)	star%deuterium_burning_rate		PROPERTY(cross-domain)	core,mixing	core,setup
light_burn	FLATTEN	deuterium_burning_rate_start	(json)	star%deuterium_burning_rate_start		HANDOFF(within-pipeline)	core,setup	core,setup
light_burn	FLATTEN	accreted_mass_fraction		star%accreted_mass_fraction		PROPERTY(cross-domain)	wind	core
light_burn	FLATTEN	jcz		star%jcz		HANDOFF(within-pipeline)	core,wind	core
engeb	FLATTEN	alpha_capture_energy		star%alpha_capture_energy		PROPERTY(cross-domain)	core	core,util
engeb	FLATTEN	neutrino_loss_rate		star%neutrino_loss_rate		PROPERTY(cross-domain)	core	core,util
engeb	FLATTEN	be7_mass_fraction		star%be7_mass_fraction		HANDOFF(within-pipeline)	core	core
engeb	FLATTEN	he3_he3_energy_rate		star%he3_he3_energy_rate		HANDOFF(within-pipeline)	core	core
engeb	FLATTEN	he3_burning_energy_rate		star%he3_burning_energy_rate		HANDOFF(within-pipeline)	core	core
engeb	FLATTEN	he3_he3_luminosity_zone	(json)	star%he3_he3_luminosity_zone		SCRATCH(self-contained)	core	-
engeb	FLATTEN	he3_burning_luminosity_zone	(json)	star%he3_burning_luminosity_zone		SCRATCH(self-contained)	core	-
flux	FLATTEN	neutrino_flux	(10)	star%neutrino_flux		HANDOFF(within-pipeline)	core	core
flux	FLATTEN	neutrino_flux_total	(10)	star%neutrino_flux_total		PROPERTY(read-by-output)	core,io	core,io
flux	FLATTEN	cl37_snu_rate		star%cl37_snu_rate		PROPERTY(read-by-output)	core,io	io
flux	FLATTEN	ga71_snu_rate		star%ga71_snu_rate		PROPERTY(read-by-output)	core,io	io
mix_phys	QUERY-NESTED	amum	(json)	(struct-level decision)		HANDOFF(within-pipeline)	rotation,setup	rotation,setup
mix_phys	QUERY-NESTED	cpm	(json)	(struct-level decision)		HANDOFF(within-pipeline)	setup	setup
mix_phys	QUERY-NESTED	delm	(json)	(struct-level decision)		PROPERTY(cross-domain)	setup	mixing,setup
mix_phys	QUERY-NESTED	del_adiabatic_mix	(json)	(struct-level decision)		PROPERTY(cross-domain)	setup	core,setup
mix_phys	QUERY-NESTED	del_radiative_mix	(json)	(struct-level decision)		PROPERTY(cross-domain)	setup	core,setup
mix_phys	QUERY-NESTED	esumm	(json)	(struct-level decision)		HANDOFF(within-pipeline)	setup	setup
mix_phys	QUERY-NESTED	om	(json)	(struct-level decision)		HANDOFF(within-pipeline)	setup	setup
mix_phys	QUERY-NESTED	qdtm	(json)	(struct-level decision)		HANDOFF(within-pipeline)	setup	setup
mix_phys	QUERY-NESTED	thdifm	(json)	(struct-level decision)		PROPERTY(cross-domain)	setup	rotation
mix_phys	QUERY-NESTED	velm	(json)	(struct-level decision)		SCRATCH(self-contained)	setup	-
mix_phys	QUERY-NESTED	viscm	(json)	(struct-level decision)		PROPERTY(cross-domain)	setup	rotation
mix_phys	QUERY-NESTED	epsm	(json)	(struct-level decision)		PROPERTY(cross-domain)	setup	rotation
env_comp	FLATTEN	envelope_hydrogen_fraction		star%envelope_hydrogen_fraction		PROPERTY(read-by-output)	core	core,io,rotation,setup
env_comp	FLATTEN	envelope_metal_fraction		star%envelope_metal_fraction		PROPERTY(read-by-output)	core,io,setup	core,io,rotation,setup
env_comp	FLATTEN	zenvm		star%zenvm		PROPERTY(cross-domain)	core	mixing
env_comp	FLATTEN	amuenv		star%amuenv		PROPERTY(read-by-output)	core	core,io,rotation,setup
env_comp	FLATTEN	fxenv	(12)	star%fxenv		PROPERTY(read-by-output)	core	core,io,setup
env_comp	FLATTEN	xnew		star%xnew		PROPERTY(read-by-output)	core,setup	core,io,setup
env_comp	FLATTEN	znew		star%znew		PROPERTY(read-by-output)	core,setup	core,io,setup
env_comp	FLATTEN	stotal		star%stotal		PROPERTY(read-by-output)	core,setup,wind	core,io
env_comp	FLATTEN	senv		star%senv		HANDOFF(within-pipeline)	core,setup,wind	core,setup
thermo	FLATTEN	cp	(json)	star%cp		PROPERTY(cross-domain)	core	rotation,setup
thermo	FLATTEN	mean_molecular_weight	(json)	star%mu		PROPERTY(cross-domain)	core	rotation,setup
thermo	FLATTEN	qdt	(json)	star%qdt		PROPERTY(cross-domain)	core	setup
thermo	FLATTEN	thdif	(json)	star%thdif		PROPERTY(cross-domain)	rotation	setup
thermo	FLATTEN	visc	(json)	star%visc		PROPERTY(cross-domain)	rotation	setup
circ	QUERY-NESTED	es_circulation_velocity	(json)	(struct-level decision)		PROPERTY(read-by-output)	rotation	io,rotation
circ	QUERY-NESTED	es_circulation_velocity_prev	(json)	(struct-level decision)		HANDOFF(within-pipeline)	rotation	rotation
circ	QUERY-NESTED	secular_shear_velocity	(json)	(struct-level decision)		PROPERTY(read-by-output)	rotation	io,rotation
circ	QUERY-NESTED	secular_shear_velocity_prev	(json)	(struct-level decision)		SCRATCH(self-contained)	rotation	rotation
circ	QUERY-NESTED	hle	(json)	(struct-level decision)		HANDOFF(within-pipeline)	rotation	rotation
circ	QUERY-NESTED	gsf_circulation_velocity	(json)	(struct-level decision)		PROPERTY(read-by-output)	rotation	io,rotation
circ	QUERY-NESTED	gsf_circulation_velocity_prev	(json)	(struct-level decision)		HANDOFF(within-pipeline)	rotation	rotation
circ	QUERY-NESTED	mu_gradient_velocity	(json)	(struct-level decision)		HANDOFF(within-pipeline)	rotation	rotation
pulse	QUERY-NESTED	pulse_dlnrho_dlnp	(json)	(struct-level decision)		PROPERTY(read-by-output)	core	io
pulse	QUERY-NESTED	pulse_dlneps_dlnrho	(json)	(struct-level decision)		PROPERTY(read-by-output)	core	io
pulse	QUERY-NESTED	pulse_dlneps_dlnt	(json)	(struct-level decision)		PROPERTY(read-by-output)	core	io
pulse	QUERY-NESTED	pulse_dlnkap_dlnrho	(json)	(struct-level decision)		PROPERTY(read-by-output)	core	io
pulse	QUERY-NESTED	pulse_dlnkap_dlnt	(json)	(struct-level decision)		PROPERTY(read-by-output)	core	io
pulse	QUERY-NESTED	pulse_specific_heat	(json)	(struct-level decision)		PROPERTY(read-by-output)	core	io
pulse	QUERY-NESTED	pulse_mean_molecular_weight	(json)	(struct-level decision)		PROPERTY(read-by-output)	core	io
pulse	QUERY-NESTED	pulse_dlnrho_dlnt	(json)	(struct-level decision)		PROPERTY(read-by-output)	core	io
pulse	QUERY-NESTED	pulse_electron_mean_molecular_weight	(json)	(struct-level decision)		PROPERTY(read-by-output)	core	io
pulse	QUERY-NESTED	lpumod		(struct-level decision)		HANDOFF(within-pipeline)	core	core
pulse	QUERY-NESTED	qqdp		(struct-level decision)		HANDOFF(within-pipeline)	core	core
pulse	QUERY-NESTED	qqed		(struct-level decision)		SCRATCH(self-contained)	core	core
pulse	QUERY-NESTED	qqet		(struct-level decision)		SCRATCH(self-contained)	core	core
pulse	QUERY-NESTED	qqod		(struct-level decision)		HANDOFF(within-pipeline)	core	core
pulse	QUERY-NESTED	qqot		(struct-level decision)		HANDOFF(within-pipeline)	core	core
pulse	QUERY-NESTED	qdel		(struct-level decision)		HANDOFF(within-pipeline)	core	core
pulse	QUERY-NESTED	qdela		(struct-level decision)		HANDOFF(within-pipeline)	core	core
pulse	QUERY-NESTED	qqcp		(struct-level decision)		HANDOFF(within-pipeline)	core	core
pulse	QUERY-NESTED	qrmu		(struct-level decision)		HANDOFF(within-pipeline)	core	core
pulse	QUERY-NESTED	qtl		(struct-level decision)		HANDOFF(within-pipeline)	core	core
pulse	QUERY-NESTED	qpl		(struct-level decision)		HANDOFF(within-pipeline)	core	core
pulse	QUERY-NESTED	qdl		(struct-level decision)		HANDOFF(within-pipeline)	core	core
pulse	QUERY-NESTED	qo		(struct-level decision)		HANDOFF(within-pipeline)	core	core
pulse	QUERY-NESTED	qol		(struct-level decision)		SCRATCH(self-contained)	core	-
pulse	QUERY-NESTED	qt		(struct-level decision)		HANDOFF(within-pipeline)	core	core
pulse	QUERY-NESTED	qp		(struct-level decision)		SCRATCH(self-contained)	core	core
pulse	QUERY-NESTED	qqdt		(struct-level decision)		HANDOFF(within-pipeline)	core	core
pulse	QUERY-NESTED	qemu		(struct-level decision)		HANDOFF(within-pipeline)	core	core
pulse	QUERY-NESTED	qd		(struct-level decision)		HANDOFF(within-pipeline)	core	core
pulse	QUERY-NESTED	qfs		(struct-level decision)		SCRATCH(self-contained)	core	core
run	SPLIT	log_R_surface		star%log_R_surface		PROPERTY(read-by-output)	core	core,io
run	SPLIT	log_g_surface		star%log_g_surface		PROPERTY(read-by-output)	core	io
run	SPLIT	total_moment_of_inertia		star%total_moment_of_inertia		PROPERTY(read-by-output)	core	core,io
run	SPLIT	cz_moment_of_inertia		star%cz_moment_of_inertia		PROPERTY(read-by-output)	core	core,io
run	SPLIT	rotation_period_days		star%rotation_period_days		PROPERTY(read-by-output)	core	io
run	SPLIT	surf_velocity_kms		star%surf_velocity_kms		PROPERTY(read-by-output)	core	io
run	SPLIT	h_shell_bot_mass		star%h_shell_bot_mass		PROPERTY(read-by-output)	core	io
run	SPLIT	h_shell_mid_mass		star%h_shell_mid_mass		PROPERTY(read-by-output)	core	io
run	SPLIT	h_shell_top_mass		star%h_shell_top_mass		PROPERTY(read-by-output)	core	io
run	SPLIT	h_shell_bot_radius		star%h_shell_bot_radius		PROPERTY(read-by-output)	core	io
run	SPLIT	h_shell_mid_radius		star%h_shell_mid_radius		PROPERTY(read-by-output)	core	io
run	SPLIT	h_shell_top_radius		star%h_shell_top_radius		PROPERTY(read-by-output)	core	io
run	SPLIT	temperature_entropy_term	(json)	star%temperature_entropy_term		SCRATCH(self-contained)	core,setup	core,setup
run	SPLIT	pressure_entropy_term	(json)	star%pressure_entropy_term		SCRATCH(self-contained)	core,setup	core,setup
run	SPLIT	luminosity_entropy_term	(json)	star%luminosity_entropy_term		SCRATCH(self-contained)	core,setup	core,setup
run	SPLIT	radius_entropy_term	(json)	star%radius_entropy_term		SCRATCH(self-contained)	core,setup	core,setup
run	SPLIT	print_rotation_diagnostics		star%print_rotation_diagnostics		PROPERTY(cross-domain)	core	rotation
run	SPLIT	dage		star%dage	age in Gyr; MESA star_age is yr -- star_age_gyr? QUERY	PROPERTY(read-by-output)	core	core,io
run	SPLIT	composition_final	(15,json)	star%composition_final		UNREFERENCED	-	-
run	SPLIT	log_radius_final	(json)	star%log_radius_final		UNREFERENCED	-	-
run	SPLIT	log_pressure_final	(json)	star%log_pressure_final		UNREFERENCED	-	-
run	SPLIT	log_density_final	(json)	star%log_density_final		UNREFERENCED	-	-
run	SPLIT	log_mass_final	(json)	star%log_mass_final		UNREFERENCED	-	-
run	SPLIT	log_temperature_final	(json)	star%log_temperature_final		UNREFERENCED	-	-
run	SPLIT	dlum_dx		star%dlum_dx		PROPERTY(read-by-output)	core	core,io
run	SPLIT	drad_dx		star%drad_dx		PROPERTY(read-by-output)	core	core,io
run	SPLIT	dlum_dalpha		star%dlum_dalpha		PROPERTY(read-by-output)	core	core,io
run	SPLIT	drad_dalpha		star%drad_dalpha		PROPERTY(read-by-output)	core	core,io
run	SPLIT	log_l_prev		star%log_l_prev		SCRATCH(self-contained)	core	core
run	SPLIT	log_r_prev		star%log_r_prev		SCRATCH(self-contained)	core	core
run	SPLIT	delta_x		star%delta_x		SCRATCH(self-contained)	core	core
run	SPLIT	delta_alpha		star%delta_alpha		SCRATCH(self-contained)	core	core
run	SPLIT	solar_calibration_active		star%solar_calibration_active		PROPERTY(read-by-output)	core,setup	core,io
run	SPLIT	adiabatic_index_gamma1	(json)	star%adiabatic_index_gamma1		PROPERTY(read-by-output)	core	io
run	SPLIT	sound_speed_output_active		star%sound_speed_output_active		PROPERTY(read-by-output)	core	io
run	SPLIT	s11_rate	(1000)	star%job%s11_rate		READ-ONLY(?)	-	core,io
run	SPLIT	s33_rate	(1000)	star%job%s33_rate		READ-ONLY(?)	-	core,io
run	SPLIT	s34_rate	(1000)	star%job%s34_rate		READ-ONLY(?)	-	core,io
run	SPLIT	s17_rate	(1000)	star%job%s17_rate		READ-ONLY(?)	-	core,io
run	SPLIT	metal_to_h_ratio	(1000)	star%job%metal_to_h_ratio		READ-ONLY(?)	-	core,io
run	SPLIT	helium_fraction_param	(1000)	star%job%helium_fraction_param		READ-ONLY(?)	-	core,io
run	SPLIT	diffusion_factor	(1000)	star%job%diffusion_factor		PROPERTY(read-by-output)	core	core,io
run	SPLIT	luminosity_target	(1000)	star%job%luminosity_target		READ-ONLY(?)	-	core,io
run	SPLIT	age_target	(1000)	star%job%age_target		READ-ONLY(?)	-	core,io
run	SPLIT	central_log10_temperature		star%central_log10_temperature		PROPERTY(read-by-output)	core	core,io
run	SPLIT	central_log10_pressure		star%central_log10_pressure		PROPERTY(read-by-output)	core	core,io
run	SPLIT	central_log10_density		star%central_log10_density		PROPERTY(read-by-output)	core	core,io
run	SPLIT	envelope_mass		star%envelope_mass		PROPERTY(read-by-output)	core	io
run	SPLIT	envelope_radius		star%envelope_radius		PROPERTY(read-by-output)	core	core,io
run	SPLIT	central_beta		star%central_beta		PROPERTY(read-by-output)	core	io
run	SPLIT	central_degeneracy_eta		star%central_degeneracy_eta		PROPERTY(read-by-output)	core	io
run	SPLIT	core_cz_mass		star%core_cz_mass		PROPERTY(read-by-output)	core	io
run	SPLIT	envelope_cz_temperature		star%envelope_cz_temperature		PROPERTY(read-by-output)	core	io
run	SPLIT	envelope_cz_density		star%envelope_cz_density		PROPERTY(read-by-output)	core	io
run	SPLIT	envelope_cz_pressure		star%envelope_cz_pressure		PROPERTY(read-by-output)	core	io
run	SPLIT	envelope_cz_o16		star%envelope_cz_o16		PROPERTY(read-by-output)	core	io
run	SPLIT	envelope_cz_log_radius		star%envelope_cz_log_radius		PROPERTY(read-by-output)	core	core,io
run	SPLIT	orig_specific_angular_momentum	(json)	star%orig_specific_angular_momentum		SCRATCH(self-contained)	core	core
run	SPLIT	orig_composition	(15,json)	star%orig_composition		SCRATCH(self-contained)	core	core
run	SPLIT	envelope_cz_base_radius_rsun		star%envelope_cz_base_radius_rsun		SCRATCH(self-contained)	core	-
run	SPLIT	rint_placeholder		star%rint_placeholder		UNREFERENCED	-	-
run	SPLIT	envelope_helium_fraction		star%envelope_helium_fraction		PROPERTY(cross-domain)	core	core,rotation
run	SPLIT	envelope_he3_fraction		star%envelope_he3_fraction		PROPERTY(cross-domain)	core	core,rotation
run	SPLIT	current_log10_pressure		(scratch -- see struct note)		HANDOFF(within-pipeline)	core	core
run	SPLIT	current_log10_temperature		(scratch -- see struct note)		HANDOFF(within-pipeline)	core	core
run	SPLIT	current_log10_radius		(scratch -- see struct note)		HANDOFF(within-pipeline)	core	core
run	SPLIT	current_log10_mass		(scratch -- see struct note)		HANDOFF(within-pipeline)	core	core
run	SPLIT	current_log10_density		(scratch -- see struct note)		HANDOFF(within-pipeline)	core	core
run	SPLIT	current_opacity		(scratch -- see struct note)		HANDOFF(within-pipeline)	core	core
run	SPLIT	current_beta		(scratch -- see struct note)		HANDOFF(within-pipeline)	core	core
run	SPLIT	current_gradients	(3)	(scratch -- see struct note)		HANDOFF(within-pipeline)	core	core
run	SPLIT	current_ion_fraction	(3)	(scratch -- see struct note)		HANDOFF(within-pipeline)	core	core
run	SPLIT	current_velocity		(scratch -- see struct note)		HANDOFF(within-pipeline)	core	core
run	SPLIT	old_omega	(json)	(scratch -- see struct note)		PROPERTY(cross-domain)	core,setup	rotation,setup,util
run	SPLIT	old_specific_angular_momentum	(json)	(scratch -- see struct note)		SCRATCH(self-contained)	setup	setup
run	SPLIT	old_moment_of_inertia	(json)	(scratch -- see struct note)		SCRATCH(self-contained)	setup	-
run	SPLIT	old_hg	(json)	(scratch -- see struct note)		HANDOFF(within-pipeline)	setup	setup
run	SPLIT	old_mean_radius	(json)	(scratch -- see struct note)		SCRATCH(self-contained)	setup	setup
run	SPLIT	old_eta_squared	(json)	(scratch -- see struct note)		SCRATCH(self-contained)	setup	setup
run	SPLIT	initial_composition_code		star%initial_composition_code		READ-ONLY(?)	-	core,io
rot	QUERY-NESTED	fadv	(json)	(struct-level decision)		UNREFERENCED	-	-
rot	QUERY-NESTED	fadv0	(json)	(struct-level decision)		UNREFERENCED	-	-
rot	QUERY-NESTED	bs_extrapolation_table	(11,15,json)	(struct-level decision)		SCRATCH(self-contained)	mixing	mixing
rot	QUERY-NESTED	bs_extrapolated_composition	(15,json)	(struct-level decision)		SCRATCH(self-contained)	mixing	mixing
rot	QUERY-NESTED	bs_extrapolation_increment	(15,json)	(struct-level decision)		SCRATCH(self-contained)	mixing	mixing
rot	QUERY-NESTED	reaction_rate_by_zone	(15,json)	(struct-level decision)		PROPERTY(cross-domain)	mixing	mixing,setup
rot	QUERY-NESTED	bl_radius_scale		(struct-level decision)		PROPERTY(read-by-output)	rotation	io,rotation
rot	QUERY-NESTED	bl_mass_scale		(struct-level decision)		PROPERTY(read-by-output)	rotation	io,rotation
rot	QUERY-NESTED	bl_temp_scale		(struct-level decision)		PROPERTY(read-by-output)	rotation	io,rotation
rot	QUERY-NESTED	bl_time_scale		(struct-level decision)		PROPERTY(read-by-output)	rotation	io,rotation
rot	QUERY-NESTED	am_advective_coeff	(json)	(struct-level decision)		HANDOFF(within-pipeline)	rotation	rotation
rot	QUERY-NESTED	am_diffusive_coeff	(json)	(struct-level decision)		HANDOFF(within-pipeline)	rotation	rotation
rot	QUERY-NESTED	es_advective_velocity	(json)	(struct-level decision)		HANDOFF(within-pipeline)	rotation	rotation
rot	QUERY-NESTED	es_advective_velocity_prev	(json)	(struct-level decision)		SCRATCH(self-contained)	rotation	rotation
rot	QUERY-NESTED	es_diffusive_velocity	(json)	(struct-level decision)		HANDOFF(within-pipeline)	rotation	rotation
rot	QUERY-NESTED	es_diffusive_velocity_prev	(json)	(struct-level decision)		SCRATCH(self-contained)	rotation	rotation
rot	QUERY-NESTED	facd2	(json)	(struct-level decision)		PROPERTY(cross-domain)	setup	rotation
rot	QUERY-NESTED	facd3	(json)	(struct-level decision)		PROPERTY(cross-domain)	setup	rotation
rot	QUERY-NESTED	vesd2	(json)	(struct-level decision)		SCRATCH(self-contained)	rotation	-
rot	QUERY-NESTED	vesd3	(json)	(struct-level decision)		SCRATCH(self-contained)	rotation	-
rot	QUERY-NESTED	am_2nd_deriv_coeff	(json)	(struct-level decision)		READ-ONLY(?)	-	rotation
rot	QUERY-NESTED	am_3rd_deriv_coeff	(json)	(struct-level decision)		READ-ONLY(?)	-	rotation
rot	QUERY-NESTED	geometric_factor	(json)	(struct-level decision)		READ-ONLY(?)	-	rotation
rot	QUERY-NESTED	velocity_coeff0	(json)	(struct-level decision)		SCRATCH(self-contained)	rotation,setup	-
rot	QUERY-NESTED	velocity_coeff1a	(json)	(struct-level decision)		SCRATCH(self-contained)	setup	-
rot	QUERY-NESTED	velocity_coeff1b	(json)	(struct-level decision)		SCRATCH(self-contained)	setup	-
rot	QUERY-NESTED	velocity_coeff2a	(json)	(struct-level decision)		SCRATCH(self-contained)	setup	-
rot	QUERY-NESTED	velocity_coeff2b	(json)	(struct-level decision)		SCRATCH(self-contained)	setup	-
rot	QUERY-NESTED	eq_velocity_coeff0	(json)	(struct-level decision)		READ-ONLY(?)	-	rotation
rot	QUERY-NESTED	eq_velocity_coeff1a	(json)	(struct-level decision)		READ-ONLY(?)	-	rotation
rot	QUERY-NESTED	eq_velocity_coeff1b	(json)	(struct-level decision)		READ-ONLY(?)	-	rotation
rot	QUERY-NESTED	eq_velocity_coeff2a	(json)	(struct-level decision)		READ-ONLY(?)	-	rotation
rot	QUERY-NESTED	eq_velocity_coeff2b	(json)	(struct-level decision)		READ-ONLY(?)	-	rotation
rot	QUERY-NESTED	shear_diffusion_coeff	(json)	(struct-level decision)		SCRATCH(self-contained)	rotation	-
rot	QUERY-NESTED	gsf_diffusion_coeff	(json)	(struct-level decision)		SCRATCH(self-contained)	rotation	-
rot	QUERY-NESTED	shear_diffusion_coeff_eqgrid	(json)	(struct-level decision)		SCRATCH(self-contained)	rotation	rotation
rot	QUERY-NESTED	gsf_diffusion_coeff_eqgrid	(json)	(struct-level decision)		SCRATCH(self-contained)	rotation	rotation
rot	QUERY-NESTED	mixing_geometric_factor	(json)	(struct-level decision)		READ-ONLY(?)	-	rotation
rot	QUERY-NESTED	mixing_velocity_estimate	(json)	(struct-level decision)		SCRATCH(self-contained)	rotation	rotation
rot	QUERY-NESTED	equatorial_radius	(json)	(struct-level decision)		READ-ONLY(?)	-	rotation
rot	QUERY-NESTED	ethvn	(json)	(struct-level decision)		UNREFERENCED	-	-
rot	QUERY-NESTED	ethvp	(json)	(struct-level decision)		UNREFERENCED	-	-
rot	QUERY-NESTED	omega_avg_start	(json)	(struct-level decision)		READ-ONLY(?)	-	rotation
rot	QUERY-NESTED	domega_dr_start	(json)	(struct-level decision)		READ-ONLY(?)	-	rotation
rot	QUERY-NESTED	chi	(json)	(struct-level decision)		HANDOFF(within-pipeline)	rotation	rotation
rot	QUERY-NESTED	echi	(json)	(struct-level decision)		HANDOFF(within-pipeline)	rotation	rotation
rot	QUERY-NESTED	es1	(json)	(struct-level decision)		HANDOFF(within-pipeline)	rotation	rotation
rot	QUERY-NESTED	dchi		(struct-level decision)		HANDOFF(within-pipeline)	rotation	rotation
rot	QUERY-NESTED	ntot		(struct-level decision)		HANDOFF(within-pipeline)	rotation	rotation
rot	QUERY-NESTED	dchi_dr_edge	(json)	(struct-level decision)		READ-ONLY(?)	-	rotation
rot	QUERY-NESTED	dchi_dr_center	(json)	(struct-level decision)		UNREFERENCED	-	-
rot	QUERY-NESTED	second_deriv_geom_factor_eqgrid	(json)	(struct-level decision)		HANDOFF(within-pipeline)	rotation	rotation
rot	QUERY-NESTED	third_deriv_geom_factor_eqgrid	(json)	(struct-level decision)		READ-ONLY(?)	-	rotation
rot	QUERY-NESTED	second_deriv_geom_factor	(json)	(struct-level decision)		PROPERTY(cross-domain)	setup	rotation
rot	QUERY-NESTED	third_deriv_geom_factor	(json)	(struct-level decision)		SCRATCH(self-contained)	setup	-
rot	QUERY-NESTED	moment_of_inertia_tolerance		(struct-level decision)		HANDOFF(within-pipeline)	rotation	rotation
rot	QUERY-NESTED	metal_diffusion_coeff1	(json)	(struct-level decision)		PROPERTY(cross-domain)	io	rotation
rot	QUERY-NESTED	metal_diffusion_coeff1_mid	(json)	(struct-level decision)		HANDOFF(within-pipeline)	io,rotation	rotation
rot	QUERY-NESTED	metal_diffusion_coeff2_mid	(json)	(struct-level decision)		SCRATCH(self-contained)	io	-
rot	QUERY-NESTED	eq_metal_diffusion_coeff1_mid	(json)	(struct-level decision)		PROPERTY(cross-domain)	io	rotation
rot	QUERY-NESTED	eq_metal_diffusion_coeff2_mid	(json)	(struct-level decision)		SCRATCH(self-contained)	io	-
rot	QUERY-NESTED	metal_abundance_change	(json)	(struct-level decision)		PROPERTY(read-by-output)	io,rotation	io,rotation
rot	QUERY-NESTED	metal_abundance_change_mid	(json)	(struct-level decision)		HANDOFF(within-pipeline)	io,rotation	rotation
rot	QUERY-NESTED	app	(json)	(struct-level decision)		UNREFERENCED	-	-
rot	QUERY-NESTED	atp	(json)	(struct-level decision)		UNREFERENCED	-	-
rot	QUERY-NESTED	apzp	(json)	(struct-level decision)		UNREFERENCED	-	-
rot	QUERY-NESTED	atzp	(json)	(struct-level decision)		UNREFERENCED	-	-
rot	QUERY-NESTED	lagrange_interp_weights	(4,json)	(struct-level decision)		PROPERTY(cross-domain)	setup	rotation,setup
rot	QUERY-NESTED	interface_luminosity	(json)	(struct-level decision)		PROPERTY(cross-domain)	setup	rotation,setup
rot	QUERY-NESTED	delami	(json)	(struct-level decision)		SCRATCH(self-contained)	setup	setup
rot	QUERY-NESTED	delmi	(json)	(struct-level decision)		SCRATCH(self-contained)	setup	setup
rot	QUERY-NESTED	dm	(json)	(struct-level decision)		PROPERTY(cross-domain)	setup	rotation,setup
rot	QUERY-NESTED	epsilm	(json)	(struct-level decision)		SCRATCH(self-contained)	setup	setup
rot	QUERY-NESTED	interface_gravity_factor	(json)	(struct-level decision)		PROPERTY(cross-domain)	setup	rotation,setup
rot	QUERY-NESTED	hs3	(json)	(struct-level decision)		SCRATCH(self-contained)	setup	setup
rot	QUERY-NESTED	pm	(json)	(struct-level decision)		SCRATCH(self-contained)	setup	setup
rot	QUERY-NESTED	qdtmi	(json)	(struct-level decision)		SCRATCH(self-contained)	setup	setup
rot	QUERY-NESTED	interface_radius	(json)	(struct-level decision)		PROPERTY(cross-domain)	setup	rotation,setup
rot	QUERY-NESTED	tm	(json)	(struct-level decision)		SCRATCH(self-contained)	setup	setup
rot	QUERY-NESTED	mean_molecular_weight_interface	(json)	(struct-level decision)		SCRATCH(self-contained)	rotation	rotation
rot	QUERY-NESTED	thermal_diffusivity_interface	(json)	(struct-level decision)		SCRATCH(self-contained)	rotation	rotation
rot	QUERY-NESTED	kinematic_viscosity_interface	(json)	(struct-level decision)		SCRATCH(self-contained)	rotation	rotation
rot	QUERY-NESTED	omega_interface	(json)	(struct-level decision)		SCRATCH(self-contained)	rotation	rotation
rot	QUERY-NESTED	composition_snapshot	(15,json)	(struct-level decision)		PROPERTY(cross-domain)	setup	rotation
rot	QUERY-NESTED	old_delm	(json)	(struct-level decision)		HANDOFF(within-pipeline)	setup	setup
rot	QUERY-NESTED	old_del_adiabatic_mix	(json)	(struct-level decision)		HANDOFF(within-pipeline)	setup	setup
rot	QUERY-NESTED	old_amu	(json)	(struct-level decision)		PROPERTY(cross-domain)	setup	rotation,setup
rot	QUERY-NESTED	old_om	(json)	(struct-level decision)		HANDOFF(within-pipeline)	setup	setup
rot	QUERY-NESTED	old_cp	(json)	(struct-level decision)		HANDOFF(within-pipeline)	setup	setup
rot	QUERY-NESTED	old_qdt	(json)	(struct-level decision)		HANDOFF(within-pipeline)	setup	setup
rot	QUERY-NESTED	old_vel	(json)	(struct-level decision)		HANDOFF(within-pipeline)	setup	setup
rot	QUERY-NESTED	old_visc	(json)	(struct-level decision)		HANDOFF(within-pipeline)	setup	setup
rot	QUERY-NESTED	old_thdif	(json)	(struct-level decision)		HANDOFF(within-pipeline)	setup	setup
rot	QUERY-NESTED	old_esum	(json)	(struct-level decision)		READ-ONLY(?)	-	setup
rot	QUERY-NESTED	old_del_radiative_mix	(json)	(struct-level decision)		HANDOFF(within-pipeline)	setup	setup
rot	QUERY-NESTED	old_eps	(json)	(struct-level decision)		READ-ONLY(?)	-	setup
rot	QUERY-NESTED	tho	(json)	(struct-level decision)		PROPERTY(cross-domain)	setup	rotation
rot	QUERY-NESTED	theta_new	(json)	(struct-level decision)		SCRATCH(self-contained)	rotation	rotation
rot	QUERY-NESTED	theta_mean	(json)	(struct-level decision)		PROPERTY(cross-domain)	setup	rotation
rot	QUERY-NESTED	del_grad_diff_interface	(json)	(struct-level decision)		PROPERTY(cross-domain)	setup	rotation,setup
rot	QUERY-NESTED	es_relaxation_factor	(json)	(struct-level decision)		SCRATCH(self-contained)	rotation,setup	rotation
rot	QUERY-NESTED	theta_prev	(json)	(struct-level decision)		HANDOFF(within-pipeline)	rotation	rotation
rot	QUERY-NESTED	qwrst	(json)	(struct-level decision)		PROPERTY(cross-domain)	setup	rotation
rot	QUERY-NESTED	wmst	(json)	(struct-level decision)		HANDOFF(within-pipeline)	rotation	rotation
rot	QUERY-NESTED	qwrmst	(json)	(struct-level decision)		SCRATCH(self-contained)	rotation	-
rot	QUERY-NESTED	mu_gradient_velocity_prev	(json)	(struct-level decision)		SCRATCH(self-contained)	rotation	-
rot	QUERY-NESTED	alfmlt		(struct-level decision)		PROPERTY(cross-domain)	mixing	core
rot	QUERY-NESTED	phmlt		(struct-level decision)		PROPERTY(cross-domain)	mixing	core
rot	QUERY-NESTED	cmxmlt		(struct-level decision)		PROPERTY(cross-domain)	mixing	core
rot	QUERY-NESTED	valfmlt	(json)	(struct-level decision)		PROPERTY(read-by-output)	core	io
rot	QUERY-NESTED	vphmlt	(json)	(struct-level decision)		PROPERTY(read-by-output)	core	io
rot	QUERY-NESTED	vcmxmlt	(json)	(struct-level decision)		PROPERTY(read-by-output)	core	io
rot	QUERY-NESTED	phisp	(json)	(struct-level decision)		SCRATCH(self-contained)	rotation	-
rot	QUERY-NESTED	phirot	(json)	(struct-level decision)		SCRATCH(self-contained)	rotation	-
rot	QUERY-NESTED	phidis	(json)	(struct-level decision)		SCRATCH(self-contained)	rotation	-
rot	QUERY-NESTED	circulation_correction_ratio	(json)	(struct-level decision)		HANDOFF(within-pipeline)	rotation	rotation
rot	QUERY-NESTED	quadrupole_moment	(json)	(struct-level decision)		HANDOFF(within-pipeline)	rotation	rotation
rot	QUERY-NESTED	local_gravity	(json)	(struct-level decision)		HANDOFF(within-pipeline)	rotation	rotation
rot	QUERY-NESTED	xval	(json)	(struct-level decision)		SCRATCH(self-contained)	rotation	rotation
rot	QUERY-NESTED	yval	(json)	(struct-level decision)		READ-ONLY(?)	-	rotation
rot	QUERY-NESTED	xtab	(json)	(struct-level decision)		SCRATCH(self-contained)	rotation	rotation
rot	QUERY-NESTED	ytab	(json)	(struct-level decision)		SCRATCH(self-contained)	rotation	rotation
rot	QUERY-NESTED	fact6	(json)	(struct-level decision)		SCRATCH(self-contained)	setup	-
rot	QUERY-NESTED	es_velocity_coeff1	(json)	(struct-level decision)		PROPERTY(cross-domain)	setup	rotation,setup
rot	QUERY-NESTED	es_velocity_coeff2	(json)	(struct-level decision)		PROPERTY(cross-domain)	setup	rotation,setup
rot	QUERY-NESTED	fgsfj	(json)	(struct-level decision)		SCRATCH(self-contained)	setup	-
rot	QUERY-NESTED	gsf_kippenhahn_coeff	(json)	(struct-level decision)		PROPERTY(cross-domain)	setup	rotation
rot	QUERY-NESTED	es_shear_coeff	(json)	(struct-level decision)		PROPERTY(cross-domain)	setup	rotation
rot	QUERY-NESTED	fact1	(json)	(struct-level decision)		SCRATCH(self-contained)	setup	-
rot	QUERY-NESTED	fact2	(json)	(struct-level decision)		SCRATCH(self-contained)	setup	-
rot	QUERY-NESTED	fact3	(json)	(struct-level decision)		SCRATCH(self-contained)	setup	-
rot	QUERY-NESTED	fact4	(json)	(struct-level decision)		SCRATCH(self-contained)	setup	-
rot	QUERY-NESTED	mu_gradient_richardson_coeff	(json)	(struct-level decision)		PROPERTY(cross-domain)	setup	rotation
rot	QUERY-NESTED	difad_shear_coeff1	(json)	(struct-level decision)		PROPERTY(cross-domain)	setup	rotation,setup
rot	QUERY-NESTED	difad_shear_coeff2	(json)	(struct-level decision)		PROPERTY(cross-domain)	setup	rotation
rot	QUERY-NESTED	max_domega_dr	(json)	(struct-level decision)		PROPERTY(cross-domain)	core	setup
rot	QUERY-NESTED	max_domega_dr_old	(json)	(struct-level decision)		SCRATCH(self-contained)	setup	-
rot	QUERY-NESTED	src_grid_metal_diffusion_coeff1	(json)	(struct-level decision)		PROPERTY(read-by-output)	rotation	io
rot	QUERY-NESTED	src_grid_metal_diffusion_coeff2	(json)	(struct-level decision)		PROPERTY(read-by-output)	rotation	io
rot	QUERY-NESTED	src_grid_metal_diffusion_coeff1_dz	(json)	(struct-level decision)		PROPERTY(read-by-output)	rotation	io
rot	QUERY-NESTED	src_grid_metal_diffusion_coeff2_dz	(json)	(struct-level decision)		PROPERTY(read-by-output)	rotation	io
rot	QUERY-NESTED	del_grad_diff_prev	(json)	(struct-level decision)		SCRATCH(self-contained)	setup	setup
rot	QUERY-NESTED	del_grad_diff_new	(json)	(struct-level decision)		SCRATCH(self-contained)	setup	setup
rot	QUERY-NESTED	radius_prev	(json)	(struct-level decision)		SCRATCH(self-contained)	setup	setup
rot	QUERY-NESTED	convective_flag_prev	(json)	(struct-level decision)		SCRATCH(self-contained)	setup	setup
rot	QUERY-NESTED	dlnkappa_dlnrho	(json)	(struct-level decision)		SCRATCH(self-contained)	core	-
rot	QUERY-NESTED	dlnkappa_dlnt	(json)	(struct-level decision)		PROPERTY(cross-domain)	core	setup
rot	QUERY-NESTED	dlnepsilon_dlnrho	(json)	(struct-level decision)		SCRATCH(self-contained)	core	-
rot	QUERY-NESTED	dlnepsilon_dlnt	(json)	(struct-level decision)		PROPERTY(cross-domain)	core	setup
rot	QUERY-NESTED	neutrino_loss_fraction	(json)	(struct-level decision)		PROPERTY(cross-domain)	core	setup
rot	QUERY-NESTED	rotational_energy_term	(json)	(struct-level decision)		PROPERTY(read-by-output)	core	core,io
rot	QUERY-NESTED	accretion_specific_entropy		(struct-level decision)		SCRATCH(self-contained)	wind	-
rot	QUERY-NESTED	envelope_specific_entropy		(struct-level decision)		HANDOFF(within-pipeline)	wind	wind
rot	QUERY-NESTED	updated_mass_msun		(struct-level decision)		SCRATCH(self-contained)	wind	-
rot	QUERY-NESTED	delta_log_pressure		(struct-level decision)		PROPERTY(cross-domain)	wind	core,wind
rot	QUERY-NESTED	delta_log_temperature		(struct-level decision)		PROPERTY(cross-domain)	wind	core,wind
rot	QUERY-NESTED	solar_wind_mass_loss_rate_msun_yr		(struct-level decision)		READ-ONLY(?)	-	wind
rot	QUERY-NESTED	wind_reference_omega		(struct-level decision)		READ-ONLY(?)	-	wind
rot	QUERY-NESTED	wind_max_omega		(struct-level decision)		READ-ONLY(?)	-	wind
rot	QUERY-NESTED	use_rotation_scaled_solar_wind		(struct-level decision)		READ-ONLY(?)	-	wind
evo	FLATTEN	has_h_shell		star%has_h_shell		READ-ONLY(?)	-	core
evo	FLATTEN	model_diverged_flag		star%model_diverged_flag		SCRATCH(self-contained)	core	core
evo	FLATTEN	punch_pending_flag		star%punch_pending_flag		SCRATCH(self-contained)	core	core
evo	FLATTEN	recompute_envelope_triangle		star%recompute_envelope_triangle		HANDOFF(within-pipeline)	core	core
evo	FLATTEN	reset_triangle		star%reset_triangle		HANDOFF(within-pipeline)	core	core
evo	FLATTEN	saved_pulse_output_flag		star%saved_pulse_output_flag		HANDOFF(within-pipeline)	core	core
evo	FLATTEN	h_shell_end_index		star%h_shell_end_index		READ-ONLY(?)	-	core
evo	FLATTEN	h_shell_midpoint_zone		star%h_shell_midpoint_zone		READ-ONLY(?)	-	core
evo	FLATTEN	h_shell_zone_begin		star%h_shell_zone_begin		READ-ONLY(?)	-	core
evo	FLATTEN	ikut_flag		star%ikut_flag		READ-ONLY(?)	-	core
evo	FLATTEN	istore_flag		star%istore_flag		READ-ONLY(?)	-	core
evo	FLATTEN	convective_velocity		star%convective_velocity		READ-ONLY(?)	-	core
evo	FLATTEN	dt		star%dt		HANDOFF(within-pipeline)	core	core
evo	FLATTEN	dt_saved		star%dt_saved		SCRATCH(self-contained)	core	core
evo	FLATTEN	dlnrho_dlnp		star%dlnrho_dlnp		READ-ONLY(?)	-	core
evo	FLATTEN	dlnrho_dlnt		star%dlnrho_dlnt		READ-ONLY(?)	-	core
evo	FLATTEN	hydrogen_dt		star%hydrogen_dt		READ-ONLY(?)	-	core
evo	FLATTEN	max_domega_frac		star%max_domega_frac		READ-ONLY(?)	-	core
evo	FLATTEN	path_length_sq		star%path_length_sq		HANDOFF(within-pipeline)	core	core
evo	FLATTEN	prev_age		star%prev_age		HANDOFF(within-pipeline)	core	core
evo	FLATTEN	prev_log_l		star%prev_log_l		HANDOFF(within-pipeline)	core	core
evo	FLATTEN	prev_log_teff		star%prev_log_teff		HANDOFF(within-pipeline)	core	core
evo	FLATTEN	timestep_yr		star%timestep_yr	propose dt_years? QUERY	PROPERTY(read-by-output)	core	core,io
evo	FLATTEN	total_angular_momentum		star%total_angular_momentum		PROPERTY(read-by-output)	core	core,io
evo	FLATTEN	total_rotational_ke		star%total_rotational_ke		PROPERTY(read-by-output)	core	core,io
evo	FLATTEN	trial_sign_flag		star%trial_sign_flag		READ-ONLY(?)	-	core,io
